X,pass_fraction,qmax_mean,qmax_p95,mean_wait,mean_service
9.3,0.23,24.99,38.05,84.36615908586023,74.2337183091029
11.3,0.71,17.1,29.0,64.78943818435174,74.26067372611762
13.3,0.96,11.13,19.049999999999997,46.46284578486342,74.29643526867848
15.3,0.99,7.58,15.049999999999997,33.316904795281665,73.99526320901796
17.3,0.99,5.5,10.0,22.532414117009235,74.15613196363337
