X,pass_fraction,qmax_mean,qmax_p95
4.0,0.0,90.72,112.0
13.0,0.94,12.03,21.0
13.28125,0.98,10.92,19.0
13.5625,0.97,10.48,19.0
14.125,0.98,10.3,19.049999999999997
15.25,0.99,8.32,15.099999999999994
17.5,1.0,5.65,10.049999999999997
22.0,1.0,3.77,8.0
40.0,1.0,0.66,2.049999999999997
