phase,v_term_theory_mps,v_last_numeric_mps,abs_error_mps,rel_error_%
без парашута,54.72701396480509,54.643485057448494,0.08352890735659457,0.15262829324163743
з парашутом,5.702082435481855,5.702082435481861,6.217248937900877e-15,1.090347080781109e-13
