k,inertia,silhouette,calinski_harabasz,davies_bouldin
2,1327.9999999999968,0.18053711225104277,346.5863453815205,2.0633614024049884
3,1184.197530864197,0.14963817033923218,298.96163469558127,2.1033310987923888
4,1089.1851851851825,0.13455811003825716,266.69785999274563,1.9088291079957886
5,1017.1851851851836,0.14768612625683222,244.54755316050108,2.062233044787741
6,957.0765432098759,0.1454615925794172,229.4341451333274,1.9552379536053077
7,911.4876800110319,0.1471472069689272,214.9875530992938,1.803355866903478
8,865.4826691117878,0.14800198087607852,207.0185013610504,1.8953015360605656
9,830.8639504226511,0.14323077148911467,197.53186856818812,1.7994730836737607
10,800.5836231775138,0.13998803956621123,189.3389091017434,1.6902544501947467
