k,inertia,silhouette,calinski_harabasz,davies_bouldin
2,8825.142857142837,0.16325148071779458,301.7482517482379,2.2119084197355985
3,7903.542857142838,0.1409380419273708,268.9419573138907,2.1742872534472686
4,7346.742857142843,0.12401423084571307,236.32455976603273,1.9863824894426088
5,6885.942857142849,0.13904993737335952,217.82000597490241,2.128432214006255
6,6487.008025522855,0.1400356717199874,206.0447020800759,1.9415595861235477
7,6191.181985855806,0.13072342328172296,193.50919363389994,1.8629088735304735
8,5911.70804585698,0.12784800584119024,185.22135835411243,1.7749891125698116
9,5668.8550026261455,0.13609733403523244,178.11864668313711,1.7614076824089817
10,5437.0782414853265,0.13606754483783684,173.1183797391464,1.7010937761743428
