model,val_accuracy
rf_depth12,0.9783393501805054
rf_200,0.9675090252707581
knn_k11,0.9422382671480144
knn_k7,0.9133574007220217
logreg_C2,0.8736462093862816
logreg_C1,0.8736462093862816
