tag,accuracy
knn_no_scaling,0.953757225433526
knn_with_scaling,0.8063583815028902
